{
  "categories": [
    {
      "id": 0,
      "name": "Assault Rifle"
    },
    {
      "id": 1,
      "name": "B2 Bomber"
    },
    {
      "id": 2,
      "name": "Grenade Bandolier"
    },
    {
      "id": 3,
      "name": "Person"
    },
    {
      "id": 4,
      "name": "Pistol"
    },
    {
      "id": 5,
      "name": "Rocket Launcher"
    },
    {
      "id": 6,
      "name": "Shortgun"
    },
    {
      "id": 7,
      "name": "knife"
    }
  ],
  "info": {
    "year": 2025,
    "version": "1.0",
    "contributor": "Label Studio"
  }
}